Expected Runtime(s),Num Processes,Universe Size,Insert Rate,Remove Rate,Search Rate,Pred Rate,Dynamic Set Type,Average Runtime(s),Start Time Variance(µs),End Time Variance(µs),Total Throughput,Throughput Per Second,Average Throughput,Average Throughput Per Second,Max Proc Throughput,Max Throughput Per Second,Max Exceeds Average by x%,Min Proc Throughput,Min Throughput Per Second,Min Below Average by x%,Total Preds,Average Preds,Min Preds,Max Preds,Total Searches,Average Searches,Min Searches,Max Searches,Total Inserts,Total Successful Inserts,Average Inserts,Average Successful Inserts,Min Inserts,Max Inserts,Min Successful Inserts,Max Successful Inserts,Total Removes,Total Successful Removes,Average Removes,Average Successful Removes,Min Removes,Max Removes,Min Successful Removes,Max Successful Removes
5,1,1048576,1,1,0,8,Jeremy's Trie,5.000022,0,0,6711850,1342364.1,6711850,1342364.1,6711850,1342364.1,0,6711850,1342364.1,0,5369160,5369160,5369160,5369160,0,0,0,0,671688,335626,671688,335626,671688,671688,335626,335626,671002,335429,671002,335429,671002,671002,335429,335429
5,1,1048576,1,1,0,8,Jeremy's Trie,5.000007,0,0,6735800,1347158.1,6735800,1347158.1,6735800,1347158.1,0,6735800,1347158.1,0,5389970,5389970,5389970,5389970,0,0,0,0,673376,336347,673376,336347,673376,673376,336347,336347,672454,335956,672454,335956,672454,672454,335956,335956
5,1,1048576,1,1,0,8,Jeremy's Trie,5.000019,0,0,6750050,1350004.9,6750050,1350004.9,6750050,1350004.9,0,6750050,1350004.9,0,5399075,5399075,5399075,5399075,0,0,0,0,676247,337365,676247,337365,676247,676247,337365,337365,674728,337127,674728,337127,674728,674728,337127,337127
5,1,1048576,1,1,0,8,Jeremy's Trie,5.000011,0,0,6778800,1355757,6778800,1355757,6778800,1355757,0,6778800,1355757,0,5422874,5422874,5422874,5422874,0,0,0,0,678369,339400,678369,339400,678369,678369,339400,339400,677557,338825,677557,338825,677557,677557,338825,338825
5,1,1048576,1,1,0,8,Jeremy's Trie,5.000006,0,0,6778300,1355658.4,6778300,1355658.4,6778300,1355658.4,0,6778300,1355658.4,0,5423271,5423271,5423271,5423271,0,0,0,0,676761,338477,676761,338477,676761,676761,338477,338477,678268,339002,678268,339002,678268,678268,339002,339002
5,2,1048576,1,1,0,8,Jeremy's Trie,5.000014,1,7,13848150,2769622.2,6924075,1384811.1,6935950,1387186.1,0.17150305,6912200,1382436.1,0.17150305,11081311,5540655.5,5530954,5550357,0,0,0,0,1382883,692123,691441.5,346061.5,690251,692632,345776,346347,1383956,692046,691978,346023,690995,692961,345405,346641
5,2,1048576,1,1,0,8,Jeremy's Trie,5.000024,1,18,13803400,2760666.7,6901700,1380333.4,6941950,1388383.3,0.58318965,6861450,1372283.4,0.58318965,11041780,5520890,5489309,5552471,0,0,0,0,1380217,689555,690108.5,344777.5,685279,694938,342424,347131,1381403,689864,690701.5,344932,686862,694541,342944,346920
5,2,1048576,1,1,0,8,Jeremy's Trie,5.000026,1,1,13888700,2777725.6,6944350,1388862.8,6966250,1393242.8,0.31536429,6922450,1384482.8,0.31536429,11110293,5555146.5,5536658,5573635,0,0,0,0,1389411,695210,694705.5,347605,693036,696375,347095,348115,1388996,695571,694498,347785.5,692756,696240,346951,348620
5,2,1048576,1,1,0,8,Jeremy's Trie,5.000024,0,18,13882100,2776406.7,6941050,1388203.3,6971450,1394283.3,0.43797408,6910650,1382123.4,0.43797408,11104291,5552145.5,5528165,5576126,0,0,0,0,1387937,693199,693968.5,346599.5,691368,696569,345041,348158,1389872,693350,694936,346675,691117,698755,345307,348043
5,2,1048576,1,1,0,8,Jeremy's Trie,5.000013,1,24,13859200,2771832.8,6929600,1385916.4,6962950,1392586.4,0.48126876,6896250,1379246.4,0.48126876,11086411,5543205.5,5516861,5569550,0,0,0,0,1385481,693392,692740.5,346696,689407,696074,344791,348601,1387308,694090,693654,347045,689982,697326,344947,349143
5,3,1048576,1,1,0,8,Jeremy's Trie,5.00001,0,10,18531850,3706362.6,6177283.3,1235454.2,6189050,1237807.5,0.19048287,6162600,1232517.5,0.23769888,14826620,4942206.7,4929755,4953389,0,0,0,0,1852508,926132,617502.67,308710.67,616491,618707,308209,309073,1852722,925253,617574,308417.67,616354,618351,308047,308638
5,3,1048576,1,1,0,8,Jeremy's Trie,5.000017,0,25,18483850,3696757.4,6161283.3,1232252.5,6194850,1238965.8,0.54479992,6129350,1225865.8,0.51829029,14783918,4927972.7,4901935,4953720,0,0,0,0,1848872,925187,616290.67,308395.67,613519,620380,307348,310329,1851060,925532,617020,308510.67,613896,620750,306556,310416
5,3,1048576,1,1,0,8,Jeremy's Trie,5.000015,0,18,18503650,3700718.9,6167883.3,1233573,6205400,1241076.3,0.60825837,6144850,1228966.3,0.37343983,14805699,4935233,4916453,4964920,0,0,0,0,1848822,924337,616274,308112.33,614097,620396,307035,309976,1849129,924643,616376.33,308214.33,614300,620084,306810,309750
5,3,1048576,1,1,0,8,Jeremy's Trie,5.000015,1,22,18440150,3688018.9,6146716.7,1229339.6,6153900,1230776.3,0.11686456,6135650,1227126.3,0.18004192,14750695,4916898.3,4907791,4923473,0,0,0,0,1844110,922891,614703.33,307630.33,613545,615532,306823,308129,1845345,922328,615115,307442.67,614314,615637,307121,307725
5,3,1048576,1,1,0,8,Jeremy's Trie,5.00002,0,33,18445200,3689025.2,6148400,1229675.1,6159450,1231885.1,0.17972155,6135650,1227125.1,0.20737102,14754423,4918141,4908016,4926916,0,0,0,0,1846289,923087,615429.67,307695.67,614048,616517,307681,307719,1844488,923044,614829.33,307681.33,613586,616017,306844,308403
5,4,1048576,1,1,0,8,Jeremy's Trie,5.000018,0,15,22343950,4468773.9,5585987.5,1117193.5,5614400,1122876,0.5086388,5568250,1113646,0.31753562,17875599,4468899.8,4456447,4491074,0,0,0,0,2233862,1117290,558465.5,279322.5,555534,562013,278271,280974,2234489,1117529,558622.25,279382.25,556269,561313,278287,280818
5,4,1048576,1,1,0,8,Jeremy's Trie,5.000028,1,24,22329250,4465825,5582312.5,1116456.2,5624100,1124813.7,0.7485697,5551650,1110323.8,0.54927953,17865620,4466405,4442633,4499401,0,0,0,0,2232685,1116209,558171.25,279052.25,555139,562938,277149,281569,2230945,1115857,557736.25,278964.25,553878,561761,277295,280834
5,4,1048576,1,1,0,8,Jeremy's Trie,5.000022,1,34,22223950,4444770.4,5555987.5,1111192.6,5610450,1122085.1,0.98024879,5503550,1100705.2,0.94380162,17778409,4444602.2,4402246,4488352,0,0,0,0,2222233,1111913,555558.25,277978.25,550448,561141,275848,280514,2223308,1111522,555827,277880.5,550856,560957,274747,280767
5,4,1048576,1,1,0,8,Jeremy's Trie,5.00002,0,14,22329650,4465912.1,5582412.5,1116478,5611450,1122285.5,0.52016041,5551000,1110195.6,0.56270474,17862425,4465606.2,4440387,4489550,0,0,0,0,2232843,1116750,558210.75,279187.5,555107,560547,276923,280500,2234382,1116510,558595.5,279127.5,555506,561353,277695,281120
5,4,1048576,1,1,0,8,Jeremy's Trie,5.000023,1,8,22323200,4464619.5,5580800,1116154.9,5623450,1124684.8,0.76422735,5557100,1111414.9,0.4246703,17860407,4465101.8,4446084,4499209,0,0,0,0,2230820,1114857,557705,278714.25,555361,561437,277731,280666,2231973,1115869,557993.25,278967.25,554740,562804,277785,281515
5,5,1048576,1,1,0,8,Jeremy's Trie,4.998044,3994,47,16113200,3223901.2,3222640,644780.24,3589050,718090.92,11.369871,2038500,407859.55,36.744408,12891225,2578245,1631489,2870934,0,0,0,0,1609702,805683,321940.4,161136.6,203361,358865,101611,179734,1612273,806050,322454.6,161210,203650,359251,102199,179551
5,5,1048576,1,1,0,8,Jeremy's Trie,5.001203,59,2417,12799150,2559214.3,2559830,511842.85,3424100,684655.27,33.762789,1279400,255818.45,50.020119,10238791,2047758.2,1023123,2738639,0,0,0,0,1281108,640122,256221.6,128024.4,128217,342861,64161,171268,1279251,639264,255850.2,127852.8,128060,342600,64157,171472
5,5,1048576,1,1,0,8,Jeremy's Trie,4.998073,7007,3087,12262200,2453385.5,2452440,490677.11,3468650,693997.47,41.436692,1235450,247185.27,49.62364,9808011,1961602.2,988798,2775510,0,0,0,0,1227605,613348,245521,122669.6,123386,346649,61751,173264,1226584,612949,245316.8,122589.8,123266,346491,61715,173265
5,5,1048576,1,1,0,8,Jeremy's Trie,4.998631,2818,23,16091150,3219111.4,3218230,643822.28,3598150,719827.09,11.805247,2040150,408141.75,36.606458,12872062,2574412.4,1631951,2877285,0,0,0,0,1610570,804454,322114,160890.8,204346,360551,102277,179522,1608518,804201,321703.6,160840.2,203853,360314,102154,180237
5,5,1048576,1,1,0,8,Jeremy's Trie,4.999983,85,21,16832150,3366441.4,3366430,673288.29,3686050,737212.51,9.4943308,2155100,431021.47,35.982628,13464331,2692866.2,1724789,2947807,0,0,0,0,1682310,842034,336462,168406.8,215045,369146,107480,184938,1685509,841780,337101.8,168356,215266,369097,107265,184439
5,6,1048576,1,1,0,8,Jeremy's Trie,4.99858,3823,960,13740700,2748920.7,2290116.7,458153.45,2850950,570351.98,24.489291,1402900,280659.71,38.741112,10993079,1832179.8,1122385,2280898,0,0,0,0,1374105,687835,229017.5,114639.17,140296,285201,70137,143056,1373516,687174,228919.33,114529,140219,284851,70309,142640
5,6,1048576,1,1,0,8,Jeremy's Trie,4.999848,1713,1327,13832500,2766584.1,2305416.7,461097.35,2866500,573317.43,24.337611,1462250,292458.89,36.573288,11065706,1844284.3,1169964,2292539,0,0,0,0,1382406,692079,230401,115346.5,146402,286565,73315,143892,1384388,692099,230731.33,115349.83,145884,287396,73136,143526
5,6,1048576,1,1,0,8,Jeremy's Trie,5.000014,30,48,15659350,3131861.2,2609891.7,521976.87,2883050,576608.39,10.466271,2152500,430498.79,17.525312,12528290,2088048.3,1721520,2306295,0,0,0,0,1564111,782092,260685.17,130348.67,215340,288504,107729,144557,1566949,782088,261158.17,130348,215640,288251,107423,143794
5,6,1048576,1,1,0,8,Jeremy's Trie,5.000032,29,42,16123100,3224599.4,2687183.3,537433.23,2964800,592956.21,10.33114,2186100,437217.2,18.647158,12900358,2150059.7,1749376,2371617,0,0,0,0,1611155,806357,268525.83,134392.83,218254,296968,109246,149072,1611587,805986,268597.83,134331,218470,296215,109211,148143
5,6,1048576,1,1,0,8,Jeremy's Trie,5.000005,59,38,14896650,2979327,2482775,496554.5,2866550,573309.43,15.457502,2006900,401379.6,19.167061,11918241,1986373.5,1605539,2293094,0,0,0,0,1489290,744402,248215,124067,200744,287319,100425,143838,1489119,744802,248186.5,124133.67,200617,287213,100339,144065
5,8,1048576,1,1,0,8,Jeremy's Trie,5.000051,1,65,18841600,3768281.6,2355200,471035.2,2367850,473565.17,0.53710938,2337050,467405.23,0.77063519,15073540,1884192.5,1870769,1893647,0,0,0,0,1884461,942824,235557.62,117853,233120,237415,116523,119509,1883599,942531,235449.88,117816.38,233161,237165,116575,118547
5,8,1048576,1,1,0,8,Jeremy's Trie,5.000025,14,44,18989800,3797941,2373725,474742.63,2388600,477717.61,0.6266522,2363650,472727.64,0.42443838,15192674,1899084.2,1890553,1911932,0,0,0,0,1898384,949084,237298,118635.5,235783,238725,118054,119416,1898742,949418,237342.75,118677.25,236309,238500,118072,119361
5,8,1048576,1,1,0,8,Jeremy's Trie,5.000041,3,79,18939050,3787778.9,2367381.2,473472.37,2379200,475836.1,0.49923307,2350300,470056.15,0.7215251,15151379,1893922.4,1879420,1903196,0,0,0,0,1893940,947413,236742.5,118426.62,235418,238596,117580,119441,1893731,947202,236716.38,118400.25,235239,238290,117497,119475
5,8,1048576,1,1,0,8,Jeremy's Trie,4.999923,255,38,18856800,3771418.1,2357100,471427.26,2376350,475277.32,0.81668152,2343050,468617.22,0.59607144,15083915,1885489.4,1873891,1901298,0,0,0,0,1886427,943488,235803.38,117936,234355,237795,117069,119074,1886458,943398,235807.25,117924.75,233800,237905,117071,119035
5,8,1048576,1,1,0,8,Jeremy's Trie,5.000036,1,71,18927750,3785522.7,2365968.8,473190.34,2385700,477136.56,0.83396072,2344600,468916.62,0.90317127,15144809,1893101.1,1876198,1908431,0,0,0,0,1891414,945301,236426.75,118162.62,234636,238532,116988,119130,1891527,944761,236440.88,118095.12,233766,238737,116843,119206
5,16,1048576,1,1,0,8,Jeremy's Trie,5.000084,2,84,20254600,4050851.9,1265912.5,253178.25,1272750,254545.72,0.54012422,1256100,251215.78,0.77513256,16202601,1012662.6,1005212,1017918,0,0,0,0,2025142,1011852,126571.38,63240.75,125161,127547,62665,63731,2026857,1012932,126678.56,63308.25,125727,127356,62659,63685
5,16,1048576,1,1,0,8,Jeremy's Trie,5.000064,3,120,20207800,4041508.3,1262987.5,252594.27,1269350,253866.75,0.50376587,1254400,250876.79,0.67993547,16167076,1010442.2,1003365,1015329,0,0,0,0,2020066,1009642,126254.12,63102.625,125405,127065,62557,63516,2020658,1009933,126291.12,63120.812,125431,127278,62662,63903
5,16,1048576,1,1,0,8,Jeremy's Trie,5.000089,2,115,20086400,4017208.5,1255400,251075.53,1264700,252935.5,0.74079975,1246950,249385.56,0.67309224,16070081,1004380.1,998322,1011413,0,0,0,0,2008371,1003904,125523.19,62744,124299,127228,61970,63632,2007948,1004218,125496.75,62763.625,124329,126866,62062,63297
5,16,1048576,1,1,0,8,Jeremy's Trie,5.000076,2,105,19802900,3960519.8,1237681.2,247532.49,1246300,249256.21,0.69636265,1232000,246396.25,0.45902368,15841824,990114,985438,996380,0,0,0,0,1979761,989791,123735.06,61861.938,122867,125275,61410,62513,1981315,990112,123832.19,61882,122972,124645,61375,62390
5,16,1048576,1,1,0,8,Jeremy's Trie,5.000071,1,112,19876750,3975293.6,1242296.9,248455.85,1252250,250446.44,0.80118732,1235100,247016.49,0.57932006,15901881,993867.56,987570,1002155,0,0,0,0,1986705,994063,124169.06,62128.938,123330,125397,61488,62649,1988164,994114,124260.25,62132.125,123221,125655,61576,62658
5,32,1048576,1,1,0,8,Jeremy's Trie,5.000122,2,224,22361650,4472220.9,698801.56,139756.9,705150,141026.56,0.908475,694200,138836.61,0.65849345,17890992,559093.5,555181,564288,0,0,0,0,2235490,1118266,69859.062,34945.812,69035,70850,34310,35458,2235168,1118471,69849,34952.219,69131,70734,34458,35357
5,32,1048576,1,1,0,8,Jeremy's Trie,5.000061,122,229,22856700,4571284.2,714271.88,142852.63,720550,144108.24,0.87895453,707100,141418.27,1.004082,18283824,571369.5,565956,576153,0,0,0,0,2286249,1143184,71445.281,35724.5,70290,72238,35217,36137,2286627,1143020,71457.094,35719.375,70787,72433,35294,36258
5,32,1048576,1,1,0,8,Jeremy's Trie,5.000105,3,187,22431100,4486125.8,700971.88,140191.43,709850,141967.02,1.2665451,692750,138547.09,1.1729251,17943927,560747.72,554320,568214,0,0,0,0,2244503,1122651,70140.719,35082.844,69106,71271,34549,35620,2242670,1122026,70083.438,35063.312,68959,71137,34503,35605
5,32,1048576,1,1,0,8,Jeremy's Trie,5.00011,3,215,22909450,4581789.2,715920.31,143180.91,723850,144766.82,1.1076215,707550,141506.89,1.1691682,18326276,572696.12,566199,579146,0,0,0,0,2289931,1144855,71560.344,35776.719,70287,72630,35188,36368,2293243,1145409,71663.844,35794.031,70902,72354,35406,36257
5,32,1048576,1,1,0,8,Jeremy's Trie,5.000103,3,197,22391950,4478297.7,699748.44,139946.8,708600,141717.08,1.2649635,692700,138537.15,1.0072816,17911341,559729.41,554442,566867,0,0,0,0,2240204,1119691,70006.375,34990.344,68951,71146,34455,35486,2240405,1120801,70012.656,35025.031,68966,70962,34642,35476
5,64,1048576,1,1,0,8,Jeremy's Trie,5.000168,21,320,26053250,5210474.9,407082.03,81413.671,420650,84127.173,3.3329815,392400,78477.363,3.6066518,20840223,325628.48,313505,336490,0,0,0,0,2606991,1304262,40734.234,20379.094,39235,41971,19565,21025,2606036,1303332,40719.312,20364.562,39316,42368,19654,21198
5,64,1048576,1,1,0,8,Jeremy's Trie,5.000203,4,348,25986750,5197139,406042.97,81205.297,417600,83516.609,2.8462582,393700,78736.803,3.0398184,20793192,324893.62,314771,333686,0,0,0,0,2596268,1298164,40566.688,20283.812,39127,42017,19597,21003,2597290,1298137,40582.656,20283.391,39491,41897,19598,21009
5,64,1048576,1,1,0,8,Jeremy's Trie,5.000203,7,364,26044650,5208718.5,406947.66,81386.227,417000,83396.614,2.470181,396250,79246.783,2.6287548,20840299,325629.67,316718,333907,0,0,0,0,2601115,1301184,40642.422,20331,39488,41833,19654,20930,2603236,1300669,40675.562,20322.953,39432,41714,19533,20864
5,64,1048576,1,1,0,8,Jeremy's Trie,5.00016,36,308,26152350,5230302.6,408630.47,81723.479,420100,84017.311,2.8068223,390750,78147.499,4.3757062,20921514,326898.66,312775,336142,0,0,0,0,2614373,1307545,40849.578,20430.391,38706,42127,19414,21117,2616463,1307834,40882.234,20434.906,39269,42047,19633,21049
5,64,1048576,1,1,0,8,Jeremy's Trie,5.000176,4,350,26122800,5224376.1,408168.75,81630.877,417700,83537.059,2.3351249,391900,78377.241,3.9857902,20899888,326560.75,313775,334552,0,0,0,0,2609080,1305021,40766.875,20390.953,38846,41773,19540,20972,2613832,1305516,40841.125,20398.688,39059,41838,19382,21061
5,128,1048576,1,1,0,8,Jeremy's Trie,5.000568,104,1191,17719450,3543487.5,138433.2,27683.496,144800,28956.711,4.5991834,132300,26456.994,4.4304423,14175657,110747.32,105922,115930,0,0,0,0,1772228,885532,13845.531,6918.2188,13241,14605,6629,7350,1771565,885719,13840.352,6919.6797,13068,14499,6552,7331
5,128,1048576,1,1,0,8,Jeremy's Trie,5.001478,255,3069,17600300,3519019.8,137502.34,27492.342,145350,29061.409,5.7072891,128300,25652.417,6.6924996,14079874,109999.02,102619,116444,0,0,0,0,1760899,879913,13757.023,6874.3203,12806,14654,6438,7378,1759527,879628,13746.305,6872.0938,12875,14669,6419,7403
5,128,1048576,1,1,0,8,Jeremy's Trie,5.00151,274,3281,17851100,3569142.1,139461.72,27883.923,146400,29271.16,4.9750436,133150,26621.96,4.5257715,14280318,111564.98,106528,117258,0,0,0,0,1785791,892656,13951.492,6973.875,13213,14832,6596,7467,1784991,892653,13945.242,6973.8516,13258,14683,6577,7479
5,128,1048576,1,1,0,8,Jeremy's Trie,5.000632,365,1579,17718700,3543292.1,138427.34,27681.97,145650,29126.318,5.2176514,129000,25796.739,6.810319,14174702,110739.86,103413,116414,0,0,0,0,1772790,885155,13849.922,6915.2734,12682,14738,6294,7362,1771208,885403,13837.562,6917.2109,12905,14534,6380,7347
5,128,1048576,1,1,0,8,Jeremy's Trie,5.001755,183,3648,17605750,3519914.5,137544.92,27499.332,144600,28909.853,5.1292901,130150,26020.867,5.3763685,14085004,110039.09,104240,115680,0,0,0,0,1759875,880125,13749.023,6875.9766,13035,14548,6472,7234,1760871,880040,13756.805,6875.3125,12866,14505,6359,7274
5,256,1048576,1,1,0,8,Jeremy's Trie,5.001727,12,3460,19006500,3799987.5,74244.141,14843.701,77950,15584.617,4.9914503,68450,13685.273,7.8041723,15205796,59397.641,54776,62367,0,0,0,0,1899775,950093,7420.9961,3711.3008,6747,7890,3427,3931,1900929,950481,7425.5039,3712.8164,6839,7837,3415,3921
5,256,1048576,1,1,0,8,Jeremy's Trie,5.001538,11,3083,19160600,3830941.6,74846.094,14964.616,79250,15845.126,5.8839494,63000,12596.125,15.827271,15331680,59889.375,50262,63460,0,0,0,0,1915970,958277,7484.2578,3743.2695,6316,8038,3108,4038,1912950,957492,7472.4609,3740.2031,6422,7912,3268,4052
5,256,1048576,1,1,0,8,Jeremy's Trie,5.002027,8,4060,19232400,3844921.3,75126.562,15019.224,77850,15563.69,3.6251326,67400,13474.537,10.284728,15384467,60095.574,53911,62402,0,0,0,0,1922422,961397,7509.4609,3755.457,6696,7930,3429,3981,1925511,961975,7521.5273,3757.7148,6793,7839,3484,3952
5,256,1048576,1,1,0,8,Jeremy's Trie,5.001615,76,3294,19406200,3879986.8,75805.469,15156.198,78850,15764.908,4.0162422,69400,13875.518,8.4498768,15524407,60642.215,55495,63246,0,0,0,0,1942063,970818,7586.1836,3792.2578,6915,7982,3468,4007,1939730,970485,7577.0703,3790.957,6990,7915,3495,4000
5,256,1048576,1,1,0,8,Jeremy's Trie,5.001755,9,3489,19271400,3852927.6,75278.906,15050.499,78550,15704.488,4.3452993,68050,13605.225,9.6028311,15414574,60213.18,54497,62858,0,0,0,0,1927190,963452,7528.0859,3763.4844,6785,7966,3367,3995,1929636,964350,7537.6406,3766.9922,6768,7905,3349,3992
5,1,1048576,1,1,0,8,Fomitchev/Ruppert SkipListSet,5.000064,0,0,3571800,714350.86,3571800,714350.86,3571800,714350.86,0,3571800,714350.86,0,2856099,2856099,2856099,2856099,0,0,0,0,356873,178687,356873,178687,356873,356873,178687,178687,358828,179319,358828,179319,358828,358828,179319,179319
5,1,1048576,1,1,0,8,Fomitchev/Ruppert SkipListSet,5.000032,0,0,3521450,704285.49,3521450,704285.49,3521450,704285.49,0,3521450,704285.49,0,2817229,2817229,2817229,2817229,0,0,0,0,351978,176273,351978,176273,351978,351978,176273,176273,352243,175719,352243,175719,352243,352243,175719,175719
5,1,1048576,1,1,0,8,Fomitchev/Ruppert SkipListSet,5.000048,0,0,3532500,706493.22,3532500,706493.22,3532500,706493.22,0,3532500,706493.22,0,2824779,2824779,2824779,2824779,0,0,0,0,354265,177338,354265,177338,354265,354265,177338,177338,353456,176316,353456,176316,353456,353456,176316,176316
5,1,1048576,1,1,0,8,Fomitchev/Ruppert SkipListSet,5.000025,0,0,3544700,708936.46,3544700,708936.46,3544700,708936.46,0,3544700,708936.46,0,2836441,2836441,2836441,2836441,0,0,0,0,354755,176736,354755,176736,354755,354755,176736,176736,353504,176669,353504,176669,353504,353504,176669,176669
5,1,1048576,1,1,0,8,Fomitchev/Ruppert SkipListSet,5.000047,0,0,3521800,704353.38,3521800,704353.38,3521800,704353.38,0,3521800,704353.38,0,2818196,2818196,2818196,2818196,0,0,0,0,351511,175620,351511,175620,351511,351511,175620,175620,352093,176037,352093,176037,352093,352093,176037,176037
5,2,1048576,1,1,0,8,Fomitchev/Ruppert SkipListSet,5.000057,0,3,6859200,1371824.4,3429600,685912.18,3436600,687312.16,0.20410544,3422600,684512.2,0.20410544,5488245,2744122.5,2737658,2750587,0,0,0,0,685836,342492,342918,171246,342726,343110,171131,171361,685119,342214,342559.5,171107,342216,342903,171022,171192
5,2,1048576,1,1,0,8,Fomitchev/Ruppert SkipListSet,5.000035,1,28,6828750,1365740.4,3414375,682870.22,3422000,684395.21,0.22332052,3406750,681345.23,0.22332052,5462767,2731383.5,2725377,2737390,0,0,0,0,683077,341532,341538.5,170766,340885,342192,170324,171208,682906,341921,341453,170960.5,340488,342418,170493,171428
5,2,1048576,1,1,0,8,Fomitchev/Ruppert SkipListSet,5.000039,47,45,6880400,1376069.3,3440200,688034.63,3447700,689534.62,0.21801058,3432700,686534.65,0.21801058,5505319,2752659.5,2745934,2759385,0,0,0,0,686963,343932,343481.5,171966,343055,343908,171739,172193,688118,344197,344059,172098.5,343711,344407,171650,172547
5,2,1048576,1,1,0,8,Fomitchev/Ruppert SkipListSet,5.000043,1,26,6807300,1361448.3,3403650,680724.15,3406950,681384.14,0.09695474,3400350,680064.15,0.09695474,5446743,2723371.5,2722266,2724477,0,0,0,0,680521,340378,340260.5,170189,338793,341728,169196,171182,680036,340914,340018,170457,339291,340745,170063,170851
5,2,1048576,1,1,0,8,Fomitchev/Ruppert SkipListSet,5.000041,0,41,6847300,1369448.8,3423650,684724.39,3430000,685994.37,0.18547457,3417300,683454.4,0.18547457,5476318,2738159,2733335,2742983,0,0,0,0,684914,342981,342457,171490.5,341433,343481,171166,171815,686068,343182,343034,171591,342532,343536,171362,171820
5,3,1048576,1,1,0,8,Fomitchev/Ruppert SkipListSet,5.000035,0,32,10072350,2014455.9,3357450,671485.3,3363500,672695.29,0.18019628,3350350,670065.31,0.21147001,8056641,2685547,2679832,2689545,0,0,0,0,1008720,504192,336240,168064,335894,336776,167586,168659,1006989,503490,335663,167830,334468,337179,167534,168287
5,3,1048576,1,1,0,8,Fomitchev/Ruppert SkipListSet,5.000039,0,61,10050600,2010104.3,3350200,670034.77,3360000,671994.76,0.29251985,3342050,668404.79,0.24326906,8040986,2680328.7,2674514,2689078,0,0,0,0,1004764,501704,334921.33,167234.67,333644,335628,166573,167857,1004850,501812,334950,167270.67,333892,335528,167085,167628
5,3,1048576,1,1,0,8,Fomitchev/Ruppert SkipListSet,5.000056,0,28,9975850,1995147.7,3325283.3,665049.22,3330200,666032.54,0.14785707,3321300,664252.56,0.11978929,7982026,2660675.3,2657146,2664156,0,0,0,0,997178,498385,332392.67,166128.33,331789,333465,165487,167027,996646,498411,332215.33,166137,331702,332579,165901,166309
5,3,1048576,1,1,0,8,Fomitchev/Ruppert SkipListSet,5.000039,0,24,9996750,1999334.4,3332250,666444.8,3341250,668244.79,0.27008778,3325250,665044.81,0.21006827,7997982,2665994,2660622,2673888,0,0,0,0,999909,499618,333303,166539.33,332086,334268,165853,167300,998859,499233,332953,166411,332542,333223,166141,166601
5,3,1048576,1,1,0,8,Fomitchev/Ruppert SkipListSet,5.000036,0,67,10094850,2018955.5,3364950,672985.15,3373750,674745.14,0.26151949,3352150,670425.17,0.38039198,8077730,2692576.7,2681946,2699169,0,0,0,0,1007985,504598,335995,168199.33,334969,337259,167442,168859,1009135,505044,336378.33,168348,335235,337322,167793,169001
5,4,1048576,1,1,0,8,Fomitchev/Ruppert SkipListSet,5.000034,0,62,13072850,2614552.2,3268212.5,653638.06,3277400,655475.54,0.28111697,3261300,652255.56,0.21150705,10456523,2614130.8,2608216,2621041,0,0,0,0,1308752,654886,327188,163721.5,326339,328896,163031,164411,1307575,654703,326893.75,163675.75,326261,327463,162997,164034
5,4,1048576,1,1,0,8,Fomitchev/Ruppert SkipListSet,5.000041,0,81,13041100,2608198.6,3260275,652049.65,3270500,654094.64,0.31362385,3250950,650184.67,0.28601882,10435411,2608852.8,2600906,2617542,0,0,0,0,1303989,651740,325997.25,162935,324909,326999,162616,163248,1301700,651293,325425,162823.25,324934,325959,162411,163344
5,4,1048576,1,1,0,8,Fomitchev/Ruppert SkipListSet,5.00004,1,29,13143100,2628599,3285775,657149.74,3291550,658304.73,0.17575762,3279600,655914.75,0.18793131,10515129,2628782.2,2623513,2633762,0,0,0,0,1314568,657818,328642,164454.5,327845,329442,163804,164989,1313403,657688,328350.75,164422,328242,328517,164079,164751
5,4,1048576,1,1,0,8,Fomitchev/Ruppert SkipListSet,5.000043,1,65,13024850,2604947.6,3256212.5,651236.9,3262400,652474.39,0.19002138,3244800,648954.42,0.35048388,10419011,2604752.8,2595600,2610586,0,0,0,0,1303175,650929,325793.75,162732.25,325000,326920,162558,162966,1302664,651274,325666,162818.5,324200,326523,162287,163485
5,4,1048576,1,1,0,8,Fomitchev/Ruppert SkipListSet,5.00003,19,54,13116650,2623314.3,3279162.5,655828.57,3288950,657786.05,0.2984756,3269900,653976.08,0.28246542,10492705,2623176.2,2615357,2631493,0,0,0,0,1310356,655718,327589,163929.5,326639,328656,163416,164415,1313589,656037,328397.25,164009.25,327904,328801,163695,164326
5,5,1048576,1,1,0,8,Fomitchev/Ruppert SkipListSet,5.000579,2991,4034,13768400,2753361.2,2753680,550672.23,3447150,689350.17,25.183391,1716850,343330.24,37.652523,11013249,2202649.8,1372911,2756799,0,0,0,0,1377899,688657,275579.8,137731.4,171683,346605,85686,173570,1377252,689039,275450.4,137807.8,171957,345777,85778,172873
5,5,1048576,1,1,0,8,Fomitchev/Ruppert SkipListSet,4.998053,3983,67,14861050,2973367.8,2972210,594673.57,3290050,658266.33,10.693726,2420350,484258.57,18.567329,11888962,2377792.4,1936946,2631523,0,0,0,0,1485880,742758,297176,148551.6,241748,328876,120812,164809,1486208,742847,297241.6,148569.4,241656,329651,120488,164855
5,5,1048576,1,1,0,8,Fomitchev/Ruppert SkipListSet,4.997536,5013,78,14797000,2960859.1,2959400,592171.82,3284100,657143.84,10.971819,2439300,488100.54,17.574508,11838153,2367630.6,1950966,2627281,0,0,0,0,1480121,740051,296024.2,148010.2,243978,329308,122154,164792,1478726,740403,295745.2,148080.6,244356,327511,122493,164205
5,5,1048576,1,1,0,8,Fomitchev/Ruppert SkipListSet,4.997438,5225,51,15769650,3155546.9,3153930,631109.38,3289750,658287.31,4.3063733,2848000,569892.01,9.6999616,12611467,2522293.4,2277936,2629501,0,0,0,0,1578655,788741,315731,157748.2,285207,330549,142278,165357,1579528,789451,315905.6,157890.2,284857,329700,142492,165096
5,5,1048576,1,1,0,8,Fomitchev/Ruppert SkipListSet,5.000036,2,56,15736600,3147297.3,3147320,629459.47,3217650,643525.37,2.2345996,2895100,579015.83,8.0138022,12588798,2517759.6,2315011,2575159,0,0,0,0,1574544,786537,314908.8,157307.4,290244,321645,144775,161279,1573258,786537,314651.6,157307.4,289845,321905,144902,161248
5,6,1048576,1,1,0,8,Fomitchev/Ruppert SkipListSet,5.001028,28,2070,16991650,3397631.4,2831941.7,566271.91,3402700,680400.11,20.154311,2150700,430051.58,24.055639,13592624,2265437.3,1720135,2722282,0,0,0,0,1699604,849141,283267.33,141523.5,215512,340151,107925,169752,1699422,850131,283237,141688.5,215053,340267,107660,170462
5,6,1048576,1,1,0,8,Fomitchev/Ruppert SkipListSet,5.000017,63,65,18175150,3635017.6,3029191.7,605836.27,3273850,654767.77,8.0766871,2627350,525468.21,13.26564,14540241,2423373.5,2102362,2619882,0,0,0,0,1819409,909424,303234.83,151570.67,262906,327626,131964,163737,1815500,908548,302583.33,151424.67,262082,327363,131152,164036
5,6,1048576,1,1,0,8,Fomitchev/Ruppert SkipListSet,5.000033,48,29,18925350,3785045,3154225,630840.84,3200250,640045.78,1.459154,3068750,613745.95,2.7098574,15139302,2523217,2455320,2559659,0,0,0,0,1892931,945889,315488.5,157648.17,306627,320453,153709,160109,1893117,946535,315519.5,157755.83,306803,320253,152855,160018
5,6,1048576,1,1,0,8,Fomitchev/Ruppert SkipListSet,4.99993,210,48,17568200,3513689.2,2928033.3,585614.87,3353600,670729.39,14.534215,2287450,457496.4,21.877597,14057014,2342835.7,1830360,2682912,0,0,0,0,1754927,877696,292487.83,146282.67,228697,334876,114419,167716,1756259,878307,292709.83,146384.5,228393,335812,114025,167746
5,6,1048576,1,1,0,8,Fomitchev/Ruppert SkipListSet,5.001056,24,2057,17046800,3408640.1,2841133.3,568106.68,3411350,682125.94,20.070042,2002650,400445.43,29.512284,13637357,2272892.8,1602264,2728860,0,0,0,0,1703522,852870,283920.33,142145,199658,341351,99674,170554,1705921,852793,284320.17,142132.17,200728,341139,100274,170961
5,8,1048576,1,1,0,8,Fomitchev/Ruppert SkipListSet,5.000044,1,46,24556200,4911196.8,3069525,613899.6,3092750,618544.56,0.75663173,3052850,610564.63,0.54324366,19644927,2455615.9,2442398,2474515,0,0,0,0,2453895,1227732,306736.88,153466.5,304746,308998,152277,154918,2457378,1228185,307172.25,153523.12,305706,309974,152633,155224
5,8,1048576,1,1,0,8,Fomitchev/Ruppert SkipListSet,5.00004,1,57,25115550,5023069.8,3139443.8,627883.73,3163450,632684.94,0.76466572,3120200,624035.01,0.61296687,20093160,2511645,2496122,2531622,0,0,0,0,2510875,1255755,313859.38,156969.38,311452,317476,155854,158765,2511515,1256142,313939.38,157017.75,312626,315654,156384,157802
5,8,1048576,1,1,0,8,Fomitchev/Ruppert SkipListSet,5.000038,2,76,24914900,4982942.1,3114362.5,622867.77,3130150,626025.24,0.50692557,3103900,620775.28,0.33594355,19929824,2491228,2482186,2503996,0,0,0,0,2492962,1245484,311620.25,155685.5,310223,313488,154959,156880,2492114,1246003,311514.25,155750.38,310598,313228,154881,156909
5,8,1048576,1,1,0,8,Fomitchev/Ruppert SkipListSet,5.000046,1,58,24902650,4980484.2,3112831.2,622560.52,3137350,627464.23,0.78766718,3097800,619554.3,0.48288034,19922605,2490325.6,2478743,2510246,0,0,0,0,2489092,1244991,311136.5,155623.88,309521,313435,154836,156864,2490953,1244271,311369.12,155533.88,309536,313910,154448,156764
5,8,1048576,1,1,0,8,Fomitchev/Ruppert SkipListSet,5.000007,64,66,24698150,4939623.1,3087268.8,617452.89,3109400,621879.13,0.71685531,3075500,615099.14,0.38120264,19756465,2469558.1,2459921,2487535,0,0,0,0,2469449,1234379,308681.12,154297.38,306393,310897,152651,155411,2472236,1235194,309029.5,154399.25,307739,311237,153550,155489
5,16,1048576,1,1,0,8,Fomitchev/Ruppert SkipListSet,5.000046,3,83,46117750,9223465.1,2882359.4,576466.57,2909100,581814.65,0.9277339,2869050,573804.72,0.4617528,36891579,2305723.7,2295418,2327924,0,0,0,0,4614555,2307663,288409.69,144228.94,286769,291359,143337,145903,4611616,2307811,288226,144238.19,286614,290020,143489,145389
5,16,1048576,1,1,0,8,Fomitchev/Ruppert SkipListSet,5.000042,3,78,45511050,9102133.5,2844440.6,568883.35,2880500,576095.16,1.2677141,2815650,563125.27,1.0121718,36414344,2275896.5,2251717,2305682,0,0,0,0,4547525,2274232,284220.31,142139.5,281482,288171,141007,143888,4549181,2273537,284323.81,142096.06,281285,288337,140697,143847
5,16,1048576,1,1,0,8,Fomitchev/Ruppert SkipListSet,5.000041,2,83,45437050,9087335.5,2839815.6,567958.47,2872400,574475.29,1.1474116,2811700,562335.39,0.99005107,36350036,2271877.2,2248991,2297491,0,0,0,0,4542566,2270943,283910.38,141933.94,281538,287069,140567,143752,4544448,2270719,284028,141919.94,280903,287840,140277,143670
5,16,1048576,1,1,0,8,Fomitchev/Ruppert SkipListSet,5.000042,2,67,45423700,9084663.7,2838981.2,567791.48,2868000,573595.18,1.0221536,2818450,563685.27,0.72319076,36339944,2271246.5,2254088,2294306,0,0,0,0,4540784,2271440,283799,141965,281420,287337,140843,143579,4542972,2271387,283935.75,141961.69,281930,287394,141113,143446
5,16,1048576,1,1,0,8,Fomitchev/Ruppert SkipListSet,5.000051,1,79,46142200,9228345.9,2883887.5,576771.62,2930400,586074.02,1.6128403,2850450,570084.19,1.1594592,36913127,2307070.4,2279462,2343943,0,0,0,0,4615308,2306163,288456.75,144135.19,285353,293229,142168,146686,4613765,2305806,288360.31,144112.88,285065,293228,141998,146981
5,32,1048576,1,1,0,8,Fomitchev/Ruppert SkipListSet,5.000044,2,82,85204500,17040750,2662640.6,532523.44,2708700,541735.23,1.7298382,2631900,526375.37,1.1545165,68152719,2129772.5,2104774,2166726,0,0,0,0,8525159,4263495,266411.22,133234.22,263302,271484,131387,135930,8526622,4263162,266456.94,133223.81,263494,271573,131575,135496
5,32,1048576,1,1,0,8,Fomitchev/Ruppert SkipListSet,5.000036,30,93,85056950,17011268,2658029.7,531602.11,2711450,542286.1,2.0097711,2623000,524596.22,1.3178817,68044353,2126386,2098555,2168585,0,0,0,0,8502999,4253180,265718.72,132911.88,261958,271291,131063,135586,8509598,4252826,265924.94,132900.81,262487,271574,131022,136284
5,32,1048576,1,1,0,8,Fomitchev/Ruppert SkipListSet,5.000044,3,86,85789300,17157709,2680915.6,536178.41,2740100,548015.18,2.207618,2643300,528655.35,1.4030887,68635678,2144864.9,2113862,2192611,0,0,0,0,8572698,4287445,267896.81,133982.66,264245,273614,132028,136378,8580924,4288058,268153.88,134001.81,264886,273875,132185,136704
5,32,1048576,1,1,0,8,Fomitchev/Ruppert SkipListSet,5.000049,3,82,85141700,17028173,2660678.1,532130.41,2735500,547094.64,2.8121355,2629150,525824.85,1.1849658,68109695,2128428,2103129,2188302,0,0,0,0,8518743,4257919,266210.72,133059.97,263286,274241,131583,137278,8513262,4257801,266039.44,133056.28,262735,273498,131500,136972
5,32,1048576,1,1,0,8,Fomitchev/Ruppert SkipListSet,5.000039,4,76,85134300,17026727,2660446.9,532085.22,2711400,542275.77,1.9152093,2634500,526895.89,0.97528258,68110952,2128467.2,2108276,2169475,0,0,0,0,8509873,4257586,265933.53,133049.56,263312,271047,131522,135366,8513475,4258189,266046.09,133068.41,262912,270878,131301,135756
5,64,1048576,1,1,0,8,Fomitchev/Ruppert SkipListSet,5.000055,4,111,153232600,30646183,2394259.4,478846.61,2450000,489994.61,2.3280947,2374450,474884.78,0.82736963,122588830,1915450.5,1900135,1958968,0,0,0,0,15326679,7659441,239479.36,119678.77,237033,246368,118290,122969,15317091,7659583,239329.55,119680.98,237282,244894,118248,122230
5,64,1048576,1,1,0,8,Fomitchev/Ruppert SkipListSet,5.000046,4,89,152753950,30550509,2386780.5,477351.7,2442750,488545.51,2.3449803,2360600,472115.66,1.0968947,122203883,1909435.7,1887786,1954249,0,0,0,0,15275649,7637935,238682.02,119342.73,235410,244316,117524,121955,15274418,7638455,238662.78,119350.86,236060,244185,117644,122322
5,64,1048576,1,1,0,8,Fomitchev/Ruppert SkipListSet,5.00005,4,99,153855450,30770782,2403991.4,480793.47,2467200,493435.07,2.6293186,2377450,475485.25,1.1040558,123089927,1923280.1,1901518,1973676,0,0,0,0,15380680,7691310,240323.12,120176.72,237581,246817,118762,123758,15384843,7691113,240388.17,120173.64,237240,246707,118413,123188
5,64,1048576,1,1,0,8,Fomitchev/Ruppert SkipListSet,5.000056,6,113,149745700,29948805,2339776.6,467950.07,2407500,481494.61,2.8944404,2303700,460734.84,1.5418807,119789731,1871714.5,1843192,1926532,0,0,0,0,14975547,7489853,233992.92,117028.95,230222,240667,114918,120551,14980422,7489627,234069.09,117025.42,230024,241191,115061,120515
5,64,1048576,1,1,0,8,Fomitchev/Ruppert SkipListSet,5.00005,5,95,153201600,30640014,2393775,478750.21,2447100,489415.11,2.227653,2374450,474885.25,0.80730227,122556199,1914940.6,1898815,1958174,0,0,0,0,15323891,7659160,239435.8,119674.38,237434,244503,118508,122549,15321510,7660155,239398.59,119689.92,236892,244423,118555,122479
5,128,1048576,1,1,0,8,Fomitchev/Ruppert SkipListSet,5.001498,92,3081,218488300,43684572,1706939.8,341285.72,1838950,367679.84,7.7337322,1577700,315445.49,7.5714352,174791827,1365561.1,1262288,1471229,0,0,0,0,21843061,10924328,170648.91,85346.312,157506,183170,78503,91807,21853412,10924991,170729.78,85351.492,157896,184655,78768,92416
5,128,1048576,1,1,0,8,Fomitchev/Ruppert SkipListSet,5.00031,297,913,218121350,43621565,1704073,340793.48,1831800,366337.29,7.4953919,1512350,302451.25,11.25087,174496086,1363250.7,1209973,1466003,0,0,0,0,21813005,10904861,170414.1,85194.227,150987,183012,75244,91543,21812259,10904551,170408.27,85191.805,151390,182785,75876,91406
5,128,1048576,1,1,0,8,Fomitchev/Ruppert SkipListSet,5.00045,9,858,216836000,43363297,1694031.2,338775.76,1812400,362447.38,6.9874006,1567300,313431.79,7.4810456,173478899,1355303.9,1254022,1450558,0,0,0,0,21675528,10841661,169340.06,84700.477,156098,180875,78323,90406,21681573,10842131,169387.29,84704.148,156891,180967,78375,90284
5,128,1048576,1,1,0,8,Fomitchev/Ruppert SkipListSet,5.000081,8,167,223529400,44705156,1746323.4,349259.03,1852950,370584,6.105774,1571450,314284.91,10.013806,178827515,1397090,1256326,1483809,0,0,0,0,22348807,11173584,174600.05,87293.625,157668,184953,78694,92625,22353078,11173454,174633.42,87292.609,157456,184999,78387,92963
5,128,1048576,1,1,0,8,Fomitchev/Ruppert SkipListSet,5.000116,386,522,226857350,45370417,1772323,354456.39,1871550,374301.32,5.5986945,1576550,315302.68,11.046127,181491311,1417900.9,1261824,1496115,0,0,0,0,22681360,11339903,177198.12,88592.992,157591,187196,78867,93865,22684679,11340650,177224.05,88598.828,157135,188239,78537,93844
5,256,1048576,1,1,0,8,Fomitchev/Ruppert SkipListSet,5.00171,9,3422,110903350,22173087,433216.21,86613.62,456900,91348.759,5.4669674,380600,76093.976,12.145485,88723345,346575.57,304638,365801,0,0,0,0,11091072,5546618,43324.5,21666.477,38011,45853,18947,22983,11088933,5546611,43316.145,21666.449,37951,45658,18859,23002
5,256,1048576,1,1,0,8,Fomitchev/Ruppert SkipListSet,5.000173,9,344,130692200,26137536,510516.41,102099.75,547550,109506.21,7.2541437,440850,88166.949,13.646262,104554594,408416.38,352332,438581,0,0,0,0,13068888,6534410,51050.344,25525.039,44263,54454,22249,27465,13068718,6534321,51049.68,25524.691,44255,54679,22186,27258
5,256,1048576,1,1,0,8,Fomitchev/Ruppert SkipListSet,5.001869,11,3744,134880550,26966030,526877.15,105336.06,562000,112358,6.6662317,473600,94684.607,10.111873,107902667,421494.79,379020,450031,0,0,0,0,13490007,6746302,52695.34,26352.742,47140,56626,23694,28391,13487876,6745649,52687.016,26350.191,47440,56501,23564,28226
5,256,1048576,1,1,0,8,Fomitchev/Ruppert SkipListSet,5.001523,9,3051,94481150,18890476,369066.99,73790.922,388950,77766.312,5.3873709,318650,63710.594,13.660661,75582550,295244.34,255067,311336,0,0,0,0,9454888,4726594,36933.156,18463.258,31520,38884,15749,19484,9443712,4725312,36889.5,18458.25,32063,39017,15870,19482
5,256,1048576,1,1,0,8,Fomitchev/Ruppert SkipListSet,5.000249,9,487,84581050,16915368,330394.73,66075.655,348050,69606.534,5.3436911,305950,61186.953,7.3986431,67661632,264303.25,244435,278400,0,0,0,0,8457808,4229836,33038.312,16522.797,30722,35344,15322,17758,8461610,4230356,33053.164,16524.828,30581,34971,15311,17586
5,1,1048576,1,1,0,8,Fatourou and Ruppert's Augmented Static Trie,5.00005,0,0,4836900,967370.33,4836900,967370.33,4836900,967370.33,0,4836900,967370.33,0,3869903,3869903,3869903,3869903,0,0,0,0,483597,241477,483597,241477,483597,483597,241477,241477,483400,241695,483400,241695,483400,483400,241695,241695
5,1,1048576,1,1,0,8,Fatourou and Ruppert's Augmented Static Trie,5.000019,0,0,4835250,967046.33,4835250,967046.33,4835250,967046.33,0,4835250,967046.33,0,3869386,3869386,3869386,3869386,0,0,0,0,482824,241296,482824,241296,482824,482824,241296,241296,483040,241439,483040,241439,483040,483040,241439,241439
5,1,1048576,1,1,0,8,Fatourou and Ruppert's Augmented Static Trie,5.000008,0,0,4837450,967488.45,4837450,967488.45,4837450,967488.45,0,4837450,967488.45,0,3868906,3868906,3868906,3868906,0,0,0,0,484832,242247,484832,242247,484832,484832,242247,242247,483712,242237,483712,242237,483712,483712,242237,242237
5,1,1048576,1,1,0,8,Fatourou and Ruppert's Augmented Static Trie,5.00003,0,0,4841050,968204.19,4841050,968204.19,4841050,968204.19,0,4841050,968204.19,0,3873214,3873214,3873214,3873214,0,0,0,0,484497,242019,484497,242019,484497,484497,242019,242019,483339,241890,483339,241890,483339,483339,241890,241890
5,1,1048576,1,1,0,8,Fatourou and Ruppert's Augmented Static Trie,5.00001,0,0,4834600,966918.07,4834600,966918.07,4834600,966918.07,0,4834600,966918.07,0,3866748,3866748,3866748,3866748,0,0,0,0,483930,242329,483930,242329,483930,483930,242329,242329,483922,242493,483922,242493,483922,483922,242493,242493
5,2,1048576,1,1,0,8,Fatourou and Ruppert's Augmented Static Trie,5.000035,0,57,7149450,1429880,3574725,714940,3935800,787154.49,10.100777,3213650,642725.5,10.100777,5717841,2858920.5,2569586,3148255,0,0,0,0,715206,358002,357603,179001,321531,393675,161201,196801,716403,358335,358201.5,179167.5,322533,393870,161378,196957
5,2,1048576,1,1,0,8,Fatourou and Ruppert's Augmented Static Trie,5.000022,0,2,7151950,1430383.7,3575975,715191.85,3924750,784946.55,9.7532841,3227200,645437.16,9.7532841,5719730,2859865,2581190,3138540,0,0,0,0,716628,357891,358314,178945.5,323154,393474,161440,196451,715592,357692,357796,178846,322856,392736,161138,196554
5,2,1048576,1,1,0,8,Fatourou and Ruppert's Augmented Static Trie,5.000031,0,8,7165800,1433151.1,3582900,716575.56,3928050,785605.13,9.633258,3237750,647545.99,9.633258,5730795,2865397.5,2589168,3141627,0,0,0,0,717147,358691,358573.5,179345.5,324093,393054,162436,196255,717858,358578,358929,179289,324489,393369,161972,196606
5,2,1048576,1,1,0,8,Fatourou and Ruppert's Augmented Static Trie,5.000037,1,20,7159950,1431979.4,3579975,715989.7,3912000,782394.21,9.2745061,3247950,649585.19,9.2745061,5728324,2864162,2598058,3130266,0,0,0,0,716009,357606,358004.5,178803,325252,390757,162503,195103,715617,357093,357808.5,178546.5,324640,390977,161966,195127
5,2,1048576,1,1,0,8,Fatourou and Ruppert's Augmented Static Trie,5.000063,0,13,7168900,1433761.9,3584450,716880.97,3927550,785500.1,9.5719008,3241350,648261.83,9.5719008,5735677,2867838.5,2593713,3141964,0,0,0,0,717718,359017,358859,179508.5,324380,393338,162066,196951,715505,357838,357752.5,178919,323257,392248,161907,195931
5,3,1048576,1,1,0,8,Fatourou and Ruppert's Augmented Static Trie,5.000017,0,32,10841800,2168352.6,3613933.3,722784.21,3860100,772017.38,6.8115995,3131750,626347.87,13.342342,8672200,2890733.3,2506889,3086638,0,0,0,0,1084052,542468,361350.67,180822.67,312036,386665,156032,193229,1085548,542756,361849.33,180918.67,312825,386797,156050,193601
5,3,1048576,1,1,0,8,Fatourou and Ruppert's Augmented Static Trie,5.000049,1,23,10865950,2173168.7,3621983.3,724389.57,3857650,771522.44,6.5065641,3161900,632373.8,12.702525,8694832,2898277.3,2529725,3086965,0,0,0,0,1086398,542855,362132.67,180951.67,316381,385718,158320,192330,1084720,541941,361573.33,180647,315794,384967,157595,192609
5,3,1048576,1,1,0,8,Fatourou and Ruppert's Augmented Static Trie,5.000044,0,15,10862950,2172570.9,3620983.3,724190.29,3853500,770693.22,6.421368,3163800,632754.43,12.625944,8688966,2896322,2531019,3081711,0,0,0,0,1087473,543282,362491,181094,316671,385956,158362,193387,1086511,543363,362170.33,181121,316110,385833,158414,192514
5,3,1048576,1,1,0,8,Fatourou and Ruppert's Augmented Static Trie,5.000041,0,40,10866800,2173342.2,3622266.7,724447.39,3858300,771653.67,6.5161777,3165550,633104.81,12.608588,8692879,2897626.3,2532528,3086676,0,0,0,0,1087209,544039,362403,181346.33,316561,386277,158993,192735,1086712,542997,362237.33,180999,316461,385347,158002,192789
5,3,1048576,1,1,0,8,Fatourou and Ruppert's Augmented Static Trie,5.00005,1,34,10863850,2172748.3,3621283.3,724249.42,3855800,771152.29,6.4760651,3152350,630463.7,12.949369,8691352,2897117.3,2521460,3085080,0,0,0,0,1086535,542425,362178.33,180808.33,314834,386513,156941,192949,1085963,542847,361987.67,180949,316056,385432,157758,192613
5,4,1048576,1,1,0,8,Fatourou and Ruppert's Augmented Static Trie,5.000039,0,35,14603200,2920617.2,3650800,730154.3,3842300,768454.01,5.2454257,3111450,622285.15,14.773474,11684805,2921201.2,2490318,3072730,0,0,0,0,1460193,728792,365048.25,182198,311574,384690,155809,191902,1458202,728495,364550.5,182123.75,309558,384880,154384,192244
5,4,1048576,1,1,0,8,Fatourou and Ruppert's Augmented Static Trie,5.000027,1,39,14587650,2917514.2,3646912.5,729378.56,3838600,767715.85,5.2561585,3107300,621456.64,14.79642,11668451,2917112.8,2486008,3071344,0,0,0,0,1458176,729688,364544,182422,310575,383126,155210,191881,1461023,730116,365255.75,182529,310717,384130,155313,192224
5,4,1048576,1,1,0,8,Fatourou and Ruppert's Augmented Static Trie,5.000032,0,62,14593550,2918691.3,3648387.5,729672.83,3840150,768025.08,5.2560892,3099750,619946.03,15.037808,11672764,2918191,2479028,3072394,0,0,0,0,1460547,729679,365136.75,182419.75,311012,383471,155472,191449,1460239,729931,365059.75,182482.75,309710,384285,154961,192306
5,4,1048576,1,1,0,8,Fatourou and Ruppert's Augmented Static Trie,5.000037,0,36,14585750,2917128.4,3646437.5,729282.1,3826550,765304.34,4.93941,3117200,623435.39,14.513823,11667336,2916834,2494023,3061018,0,0,0,0,1459566,729919,364891.5,182479.75,311462,383058,155817,191641,1458848,729760,364712,182440,311715,382901,155746,191436
5,4,1048576,1,1,0,8,Fatourou and Ruppert's Augmented Static Trie,5.000013,0,19,14584800,2916952.4,3646200,729238.1,3842500,768498,5.3836871,3094550,618908.39,15.12945,11669649,2917412.2,2475659,3074340,0,0,0,0,1457540,729132,364385,182283,309620,383959,155000,191795,1457611,729301,364402.75,182325.25,309271,384201,155253,191964
5,5,1048576,1,1,0,8,Fatourou and Ruppert's Augmented Static Trie,5.000034,63,60,14162950,2832570.7,2832590,566514.15,3333250,666645.47,17.67499,1643950,328787.76,41.963009,11329790,2265958,1315447,2666515,0,0,0,0,1417069,708330,283413.8,141666,164590,333580,82105,166792,1416091,708353,283218.2,141670.6,163913,333155,82086,166510
5,5,1048576,1,1,0,8,Fatourou and Ruppert's Augmented Static Trie,4.996594,7010,61,13355350,2672890.8,2671070,534578.15,3065400,613497.91,14.762998,1986800,397630.87,25.617824,10683809,2136761.8,1589182,2451503,0,0,0,0,1334370,666614,266874,133322.8,198937,306766,99414,153599,1337171,667031,267434.2,133406.2,198681,307131,99050,153161
5,5,1048576,1,1,0,8,Fatourou and Ruppert's Augmented Static Trie,4.998526,2999,41,14648850,2930634,2929770,586126.79,3329900,666176.39,13.657386,1746350,349373,40.392932,11720597,2344119.4,1397139,2665083,0,0,0,0,1462706,732008,292541.2,146401.6,174685,331632,87378,166051,1465547,732190,293109.4,146438,174526,333185,87186,166219
5,5,1048576,1,1,0,8,Fatourou and Ruppert's Augmented Static Trie,5.000052,2,93,14514500,2902869.8,2902900,580573.96,3229600,645913.28,11.254263,2279300,455855.26,21.481966,11609324,2321864.8,1822882,2583515,0,0,0,0,1452524,727429,290504.8,145485.8,228004,322909,114257,161574,1452652,726986,290530.4,145397.2,228414,323176,114211,161483
5,5,1048576,1,1,0,8,Fatourou and Ruppert's Augmented Static Trie,4.996537,7002,72,12829500,2567678.4,2565900,513535.67,3290500,658556.12,28.239604,1150400,230239.46,55.165829,10263094,2052618.8,919748,2631915,0,0,0,0,1283220,641685,256644,128337,115143,329390,57875,164925,1283186,641906,256637.2,128381.2,115509,329198,58067,164734
5,6,1048576,1,1,0,8,Fatourou and Ruppert's Augmented Static Trie,5.000036,29,63,16019650,3203906.9,2669941.7,533984.49,3019650,603925.65,13.097977,2240500,448096.77,16.084309,12813397,2135566.2,1791934,2414504,0,0,0,0,1602227,801455,267037.83,133575.83,224312,302444,112210,151028,1604026,802251,267337.67,133708.5,224254,302702,112183,151248
5,6,1048576,1,1,0,8,Fatourou and Ruppert's Augmented Static Trie,4.999565,991,43,14257950,2851838.1,2376325,475306.35,2921700,584390.84,22.950354,1937200,387473.71,18.479164,11406808,1901134.7,1549957,2337836,0,0,0,0,1424984,713242,237497.33,118873.67,193351,292304,96439,146282,1426158,712573,237693,118762.17,193892,291560,97302,145393
5,6,1048576,1,1,0,8,Fatourou and Ruppert's Augmented Static Trie,4.99994,214,51,16785900,3357220.3,2797650,559536.71,3077450,615497.39,10.001251,2428450,485695.83,13.19679,13431005,2238500.8,1943985,2462024,0,0,0,0,1678279,838092,279713.17,139682,242478,307883,121119,153273,1676616,838707,279436,139784.5,241987,307543,121374,153799
5,6,1048576,1,1,0,8,Fatourou and Ruppert's Augmented Static Trie,5.00002,64,48,16939100,3387806.4,2823183.3,564634.41,3070450,614087.54,8.7584346,2475050,495008.02,12.331234,13551791,2258631.8,1979343,2457125,0,0,0,0,1693580,846757,282263.33,141126.17,247339,307327,123833,153429,1693729,847180,282288.17,141196.67,248368,306730,124205,153395
5,6,1048576,1,1,0,8,Fatourou and Ruppert's Augmented Static Trie,5.000018,62,72,16847450,3369477.9,2807908.3,561579.64,3129350,625867.75,11.447727,2322200,464438.33,17.29787,13478006,2246334.3,1858314,2503213,0,0,0,0,1685420,842372,280903.33,140395.33,232274,313147,116031,156607,1684024,842110,280670.67,140351.67,231612,313425,115228,156712
5,8,1048576,1,1,0,8,Fatourou and Ruppert's Augmented Static Trie,5.000034,2,59,22579000,4515769.3,2822375,564471.16,2921250,584246.03,3.5032552,2317850,463566.85,17.875902,18062984,2257873,1855240,2337100,0,0,0,0,2258669,1128823,282333.62,141102.88,231116,292273,115602,146299,2257347,1128588,282168.38,141073.5,231494,291914,115723,146003
5,8,1048576,1,1,0,8,Fatourou and Ruppert's Augmented Static Trie,5.00006,1,103,22738900,4547725.4,2842362.5,568465.68,2933850,586762.96,3.2187133,2360900,472174.33,16.938814,18195466,2274433.2,1888850,2347769,0,0,0,0,2271828,1135817,283978.5,141977.12,236409,293350,118371,146763,2271606,1135158,283950.75,141894.75,235641,293798,117570,147003
5,8,1048576,1,1,0,8,Fatourou and Ruppert's Augmented Static Trie,5.000042,1,60,22664750,4532911.9,2833093.8,566613.99,2929600,585915.08,3.406391,2350250,470046.05,17.042985,18134080,2266760,1880236,2344215,0,0,0,0,2262699,1131643,282837.38,141455.38,234406,292501,116995,146270,2267971,1131898,283496.38,141487.25,235608,293491,117462,146763
5,8,1048576,1,1,0,8,Fatourou and Ruppert's Augmented Static Trie,5.000045,2,64,22665150,4532989.2,2833143.8,566623.65,2916600,583314.75,2.9457118,2348050,469605.77,17.122102,18132587,2266573.4,1879128,2333263,0,0,0,0,2266061,1133582,283257.62,141697.75,234384,291588,117307,146062,2266502,1133964,283312.75,141745.5,234538,291910,117164,146084
5,8,1048576,1,1,0,8,Fatourou and Ruppert's Augmented Static Trie,5.000052,1,60,22648350,4529622.9,2831043.8,566202.86,2929500,585893.91,3.4777368,2339250,467845.13,17.371464,18118636,2264829.5,1870877,2343476,0,0,0,0,2266936,1133294,283367,141661.75,234155,293899,117066,146976,2262778,1132957,282847.25,141619.62,234218,292125,117244,146336
5,16,1048576,1,1,0,8,Fatourou and Ruppert's Augmented Static Trie,5.000055,2,106,39474050,7894723.2,2467128.1,493420.2,2518100,503614.46,2.0660409,2050600,410115.49,16.883117,31580805,1973800.3,1640631,2014595,0,0,0,0,3945486,1973763,246592.88,123360.19,204792,251490,102311,125962,3947759,1974058,246734.94,123378.62,205177,252015,102664,125658
5,16,1048576,1,1,0,8,Fatourou and Ruppert's Augmented Static Trie,5.000054,3,90,39037600,7807435.7,2439850,487964.73,2497350,499464.61,2.3567023,2011800,402355.65,17.544111,31232551,1952034.4,1608757,1997994,0,0,0,0,3901549,1950833,243846.81,121927.06,201282,249368,100497,125027,3903500,1950588,243968.75,121911.75,201761,249988,100529,125024
5,16,1048576,1,1,0,8,Fatourou and Ruppert's Augmented Static Trie,5.000053,2,98,39010550,7802027.3,2438159.4,487626.71,2487000,497394.73,2.0031761,2021100,404215.72,17.105501,31211113,1950694.6,1616740,1990502,0,0,0,0,3899294,1949538,243705.88,121846.12,201516,248214,100993,124185,3900143,1950221,243758.94,121888.81,202844,248407,101321,124540
5,16,1048576,1,1,0,8,Fatourou and Ruppert's Augmented Static Trie,5.000039,13,86,39266400,7853218.7,2454150,490826.17,2503950,500786.09,2.0292158,2049800,409956.8,16.476173,31410124,1963132.8,1640197,2002106,0,0,0,0,3928925,1964416,245557.81,122776,204900,251162,102331,125377,3927351,1964909,245459.44,122806.81,204703,250682,102512,125284
5,16,1048576,1,1,0,8,Fatourou and Ruppert's Augmented Static Trie,5.000056,2,101,39383400,7876591.8,2461462.5,492286.99,2513800,502754.37,2.1262766,2019950,403985.48,17.936999,31507106,1969194.1,1615823,2011199,0,0,0,0,3940486,1968310,246280.38,123019.38,201870,251812,100743,125370,3935808,1968099,245988,123006.19,202257,250789,101064,125330
5,32,1048576,1,1,0,8,Fatourou and Ruppert's Augmented Static Trie,5.000055,5,90,62096650,12419193,1940520.3,388099.79,1986500,397295.63,2.3694515,1601600,320316.48,17.465435,49674464,1552327,1281285,1589558,0,0,0,0,6209995,3104555,194062.34,97017.344,159944,198019,79832,99072,6212191,3104488,194130.97,97015.25,160371,198923,80051,99201
5,32,1048576,1,1,0,8,Fatourou and Ruppert's Augmented Static Trie,5.000084,3,169,62411600,12482110,1950362.5,390065.95,1984350,396863.33,1.7426248,1602600,320514.62,17.83066,49930333,1560322.9,1281375,1586933,0,0,0,0,6240439,3119844,195013.72,97495.125,160893,198510,80327,99080,6240828,3120021,195025.88,97500.656,160332,198942,80465,99589
5,32,1048576,1,1,0,8,Fatourou and Ruppert's Augmented Static Trie,5.00006,3,115,62294700,12458790,1946709.4,389337.2,1973950,394785.26,1.3993165,1618650,323726.12,16.851995,49835149,1557348.4,1293394,1578989,0,0,0,0,6227431,3114642,194607.22,97332.562,162482,197881,80980,98997,6232120,3115119,194753.75,97347.469,162774,197377,81216,98914
5,32,1048576,1,1,0,8,Fatourou and Ruppert's Augmented Static Trie,5.000072,4,123,62244350,12448691,1945135.9,389021.59,1972500,394494.32,1.4067944,1612700,322535.36,17.090628,49794898,1556090.6,1290156,1577701,0,0,0,0,6223728,3112552,194491.5,97267.25,161856,197394,81288,98776,6225724,3111318,194553.88,97228.688,160688,197917,80443,98892
5,32,1048576,1,1,0,8,Fatourou and Ruppert's Augmented Static Trie,5.000053,3,98,63698350,12739535,1990573.4,398110.47,2023450,404685.71,1.6516126,1630750,326146.54,18.076371,50960666,1592520.8,1304912,1619193,0,0,0,0,6372051,3184395,199126.59,99512.344,163137,202924,81506,101484,6365633,3185139,198926.03,99535.594,162701,202325,81005,101355
5,64,1048576,1,1,0,8,Fatourou and Ruppert's Augmented Static Trie,5.000091,5,177,88645750,17728827,1385089.8,277012.93,1402550,280504.89,1.2605793,1136700,227335.86,17.933121,70918829,1108106.7,909888,1122081,0,0,0,0,8861613,4433517,138462.7,69273.703,113234,140940,56444,70372,8865308,4434486,138520.44,69288.844,113578,140450,56747,70398
5,64,1048576,1,1,0,8,Fatourou and Ruppert's Augmented Static Trie,5.000099,15,202,88721300,17743909,1386270.3,277248.57,1402450,280484.45,1.167138,1134250,226845.51,18.179738,70976568,1109008.9,907576,1122481,0,0,0,0,8869294,4435764,138582.72,69308.812,113198,140320,56625,70170,8875438,4435802,138678.72,69309.406,113476,141010,56563,70456
5,64,1048576,1,1,0,8,Fatourou and Ruppert's Augmented Static Trie,5.000094,49,206,88576450,17714957,1384007,276796.2,1401550,280304.73,1.2675491,1131350,226265.75,18.255473,70853208,1107081.4,904890,1121463,0,0,0,0,8861865,4430815,138466.64,69231.484,113432,140013,57028,70195,8861377,4431474,138459.02,69241.781,113028,140332,56409,70212
5,64,1048576,1,1,0,8,Fatourou and Ruppert's Augmented Static Trie,5.000099,4,196,88688400,17737329,1385756.2,277145.76,1402150,280424.45,1.1830183,1128800,225755.53,18.542673,70953140,1108642.8,903241,1122391,0,0,0,0,8867552,4435920,138555.5,69311.25,112412,140132,56247,70202,8867708,4435251,138557.94,69300.797,113147,140078,56387,70263
5,64,1048576,1,1,0,8,Fatourou and Ruppert's Augmented Static Trie,5.000108,6,207,88417900,17683198,1381529.7,276299.97,1398250,279643.96,1.2102753,1124050,224805.14,18.63729,70736563,1105258.8,900209,1117871,0,0,0,0,8841468,4419965,138147.94,69061.953,112016,140191,56128,70139,8839869,4420135,138122.95,69064.609,111825,140188,55984,70234
5,128,1048576,1,1,0,8,Fatourou and Ruppert's Augmented Static Trie,5.000121,205,421,67535000,13506673,527617.19,105520.88,542500,108497.37,2.8207596,400850,80168.06,24.026357,54028693,422099.16,320543,434254,0,0,0,0,6753147,3377229,52758.961,26384.602,40007,54305,20058,27275,6753160,3377358,52759.062,26385.609,40300,54285,20099,27259
5,128,1048576,1,1,0,8,Fatourou and Ruppert's Augmented Static Trie,5.000207,9,396,68550950,13709622,535554.3,107106.43,546850,109365.47,2.1091611,406800,81356.632,24.041315,54844639,428473.74,324884,437842,0,0,0,0,6854548,3426532,53551.156,26769.781,41063,55017,20410,27494,6851763,3426651,53529.398,26770.711,40853,54948,20708,27541
5,128,1048576,1,1,0,8,Fatourou and Ruppert's Augmented Static Trie,5.003848,10,7688,66894850,13368681,522616.02,104442.82,533250,106567.99,2.0347605,396900,79318.956,24.05514,53512519,418066.55,317501,426584,0,0,0,0,6691944,3346430,52280.812,26143.984,39694,53271,19893,26738,6690387,3346350,52268.648,26143.359,39705,53515,19672,26786
5,128,1048576,1,1,0,8,Fatourou and Ruppert's Augmented Static Trie,5.000125,223,462,66177150,13235099,517008.98,103399.21,531550,106307.34,2.8125267,395250,79048.024,23.550652,52947007,413648.49,316059,425841,0,0,0,0,6615101,3307411,51680.477,25839.148,39697,53324,19876,26566,6615042,3306984,51680.016,25835.812,39494,53276,19662,26674
5,128,1048576,1,1,0,8,Fatourou and Ruppert's Augmented Static Trie,5.000143,119,383,66540150,13307649,519844.92,103966.01,531050,106206.96,2.1554655,395500,79097.738,23.919618,53231560,415871.56,316766,424875,0,0,0,0,6653931,3326596,51983.836,25989.031,39134,53370,19768,26654,6654659,3326595,51989.523,25989.023,39600,53272,19794,26690
5,256,1048576,1,1,0,8,Fatourou and Ruppert's Augmented Static Trie,5.012495,63,25038,94858750,18924458,370541.99,73923.663,498600,99471.421,34.559648,2550,508.72869,99.311819,75893584,296459.31,2032,399467,0,0,0,0,9479299,4740908,37028.512,18519.172,269,49808,130,24880,9485867,4741860,37054.168,18522.891,249,49969,111,24949
5,256,1048576,1,1,0,8,Fatourou and Ruppert's Augmented Static Trie,5.559964,10,1119592,89956800,16179385,351393.75,63200.724,476450,85693.001,35.588638,9350,1681.6656,97.339167,71964379,281110.86,7503,381128,0,0,0,0,9000271,4496930,35157.309,17566.133,911,47879,454,24105,8992150,4497293,35125.586,17567.551,936,47443,440,23831
5,256,1048576,1,1,0,8,Fatourou and Ruppert's Augmented Static Trie,5.001531,65,3109,78032000,15601623,304812.5,60943.839,391050,78186.059,28.291983,164700,32929.917,45.966783,62425359,243849.06,131728,313427,0,0,0,0,7801766,3901394,30475.648,15239.82,16482,39384,8224,19744,7804875,3900805,30487.793,15237.52,16490,38987,8251,19560
5,256,1048576,1,1,0,8,Fatourou and Ruppert's Augmented Static Trie,5.000922,55,1886,81180500,16233107,317111.33,63410.573,399500,79885.269,25.980993,152800,30554.366,51.815029,64947640,253701.72,122237,319834,0,0,0,0,8116105,4057125,31703.535,15848.145,15134,40023,7503,19939,8116755,4057466,31706.074,15849.477,15429,39721,7793,19948
5,256,1048576,1,1,0,8,Fatourou and Ruppert's Augmented Static Trie,5.087332,9,174661,93512950,18381531,365284.96,71802.855,508100,99875.534,39.096884,2450,481.58838,99.329291,74809723,292225.48,1954,406823,0,0,0,0,9349547,4674211,36521.668,18258.637,259,50935,131,25661,9353680,4674428,36537.812,18259.484,237,50988,122,25531
